,0,1,2,3,4,5,6,7,8,9,10,11,12,13,14,15,16,17,18,19,20,21,22,23,24,25,26,27,28,29,30,31,32,33,34,35,36,37,38,39
Accession_number,TANS760101,TANS760102,BRYS930101,THOP960101,MIRL960101,VENM980101,BASU010101,MIYS850102,MIYS850103,MIYS960101,MIYS960102,MIYS960103,MIYS990106,MIYS990107,LIWA970101,KESO980101,KESO980102,MOOG990101,BETM990101,TOBD000101,TOBD000102,KOLA930101,SKOJ970101,SKOJ000101,SKOJ000102,BONM030101,BONM030102,BONM030103,BONM030104,BONM030105,BONM030106,MICC010101,SIMK990101,SIMK990102,SIMK990103,SIMK990104,SIMK990105,ZHAC000101,ZHAC000104,ZHAC000106
AA,-2.6,36,0.230,-0.08,-0.13,-0.02808,-0.0479,-2.51,-0.13,-2.72,-0.13,11789,-0.12,-0.08,-3.28,-3.51,-0.38,-0.48,-0.20,-0.17,-0.15,-0.1,0.8,1.0,0.8,-0.1,0.1,-0.1,4.7,4.7,4.8,0.001461,-0.13571,-0.02226,-0.06711,-0.01427,-0.00347,-1.65,-2.52,0.12
AR,-3.4,20,0.237,0.07,0.43,0.01438,0.1049,-1.50,0.44,-1.83,0.30,5205,0.24,0.18,-2.56,-3.26,0.16,-0.20,0.27,0.03,-0.16,0.5,0.6,0.4,0.3,0.6,0.5,0.3,5.5,5.5,5.5,-0.002511,0.37121,0.09517,0.06154,0.00319,0.00335,0.02,-1.24,0.56
RR,-4.3,14,-0.145,0.23,0.11,0.0543,0.0306,-1.39,0.11,-1.55,0.12,1558,0.19,0.03,-2.03,-3.98,-0.26,-0.11,0.13,1.01,0.65,0.2,-0.1,-0.1,-0.3,0.4,-0.2,-0.8,6.5,6.6,6.7,0.009875,0.23245,0.07551,-0.08474,-0.07401,-0.00407,1.08,0.03,1.18
AN,-3.1,39,0.159,-0.14,0.28,0.09084,0.1049,-1.44,0.28,-1.84,0.10,6465,0.15,0.07,-2.59,-2.06,0.31,-0.21,0.24,0.33,1.01,0.1,0.9,0.8,0.7,0.7,0.4,0.1,5.0,5.2,4.9,0.003323,0.25935,0.02956,0.09263,0.03854,0.00391,-0.25,-1.22,0.59
RN,-4.1,34,-0.303,0.04,-0.14,-0.0321,-0.0150,-1.41,-0.13,-1.64,-0.16,3325,0.10,-0.08,-2.19,-2.67,-0.02,0.24,0.02,0.82,0.14,0.0,0.0,0.0,-0.2,0.1,-0.3,-0.8,5.5,6.1,6.0,-0.006728,-0.27050,-0.20477,-0.15773,-0.05011,-0.00739,0.25,-0.80,0.83
NN,-3.2,22,-0.206,-0.86,-0.53,-0.07726,-0.0917,-1.59,-0.53,-1.68,-0.39,2605,-0.06,-0.26,-2.24,-1.99,-0.40,-0.18,-0.04,-0.68,-0.45,-0.4,0.1,0.1,-0.2,0.6,0.1,-0.6,5.4,5.6,6.1,-0.001962,-0.61455,-0.43720,-0.17967,-0.03011,-0.01002,0.14,-0.48,0.83
AD,-2.8,36,0.140,0.10,0.12,0.01673,0.1018,-1.57,0.12,-1.70,0.16,7836,0.27,0.10,-2.52,-2.74,0.02,-0.39,0.30,0.58,0.62,0.1,1.2,1.1,0.9,1.0,0.6,0.1,4.9,5.0,5.0,-0.001348,0.33397,0.13313,0.08686,0.03348,0.00414,-0.06,-1.22,0.65
RD,-3.9,35,-0.527,-0.15,-0.72,-0.1196,-0.1859,-1.98,-0.73,-2.29,-0.89,8981,-0.24,-0.51,-2.67,-3.92,-0.87,0.45,-0.71,-0.40,-0.57,-1.1,-0.5,-0.6,-0.6,-0.2,-0.8,-1.2,5.6,5.6,6.0,0.001974,-0.78243,-0.75762,-0.30946,-0.04608,-0.01600,-0.16,-1.51,0.33
ND,-3.1,31,-0.534,-0.12,-0.30,0.07582,0.0192,-1.33,-0.30,-1.68,-0.47,6075,0.02,-0.27,-2.21,-2.50,-0.51,-0.12,-0.12,0.28,-0.53,-0.6,0.4,0.0,0.0,0.8,0.2,-0.6,5.3,5.2,5.0,0.007855,-0.41830,-0.36779,-0.15017,-0.01565,-0.00825,0.09,-1.17,0.61
DD,-2.7,24,0.539,0.60,0.04,0.08769,0.0840,-0.96,0.04,-1.21,-0.08,2951,0.29,-0.09,-1.85,-2.47,-0.07,-0.65,0.27,-0.24,0.89,0.3,0.9,0.6,0.2,1.8,0.6,-0.2,5.4,5.5,5.0,-0.000531,0.06704,-0.21301,-0.17210,-0.01488,-0.00786,0.53,-0.07,1.15
AC,-4.2,15,0.159,-0.30,0.00,0.00069,-0.1085,-3.38,0.00,-3.57,0.02,4306,-0.33,0.01,-3.93,-3.99,0.00,-0.12,-0.26,-0.48,-0.96,0.1,0.6,0.6,0.0,-0.3,-0.2,-0.5,5.0,5.3,5.1,-0.000751,0.23079,-0.04411,0.04917,0.01382,0.00180,-2.04,-3.40,-0.74
RC,-5.3,13,0.174,-0.40,0.24,0.1005,0.0544,-2.70,0.24,-2.57,0.56,1120,0.08,0.32,-3.02,-4.41,-0.12,0.17,0.32,0.80,-0.25,0.4,0.7,0.2,-0.6,-0.7,-0.6,-0.6,5.9,5.6,6.1,-0.006062,0.49103,0.21192,0.10341,-0.02161,0.01195,-0.54,-0.78,-0.25
NC,-4.9,21,0.105,-0.32,0.13,0.00943,-0.0844,-2.59,0.13,-2.59,0.35,1549,-0.01,0.21,-3.14,-1.76,1.46,-0.30,0.28,-1.89,0.18,0.3,0.6,0.5,-0.5,0.2,0.3,-0.1,5.7,5.7,5.2,0.006139,0.32481,0.05061,0.02032,0.00085,0.00797,-0.95,-1.72,-0.07
DC,-4.2,10,-0.137,0.55,0.03,0.01585,0.1169,-2.66,0.03,-2.41,0.45,1584,0.12,0.25,-3.12,-3.56,0.06,-0.49,0.38,-0.32,-0.50,0.3,0.8,0.5,-0.3,0.6,0.3,0.2,5.2,5.4,5.1,0.002278,0.53024,0.16627,0.08274,0.05671,0.01489,-1.04,-1.34,-0.12
CC,-7.1,48,-0.524,-1.79,-1.06,-0.18164,-1.0442,-5.44,-1.06,-5.44,-0.85,5003,-1.19,-0.55,-4.54,-7.23,-2.38,0.00,-1.34,-2.94,-2.11,-3.3,-1.3,-1.7,-2.4,-2.3,-1.7,-1.6,4.4,4.3,4.2,-0.002544,-1.79243,-0.35421,-0.17110,-0.03752,-0.10838,-2.81,-3.74,-2.42
AQ,-3.5,34,-0.008,-0.11,0.08,0.02297,-0.0457,-1.70,0.07,-1.89,0.13,5037,0.22,0.09,-2.67,-3.65,0.08,-0.16,0.21,-0.14,0.16,0.0,0.6,0.6,0.4,0.6,0.4,0.2,5.0,5.4,5.3,0.005029,0.26575,0.08891,0.07189,0.02023,0.00343,0.00,-1.17,0.70
RQ,-4.5,29,0.222,0.62,-0.52,-0.1314,0.0059,-1.85,-0.52,-1.80,-0.24,3062,0.09,-0.14,-2.25,-4.13,-0.11,0.24,-0.12,0.50,1.24,-0.5,0.2,0.0,-0.2,0.2,-0.4,-1.0,6.1,6.0,6.4,-0.001210,-0.25307,-0.10846,-0.13486,-0.02214,-0.00609,0.41,-0.68,0.94
NQ,-3.8,30,-0.187,-0.05,-0.25,0.04386,-0.0050,-1.36,-0.25,-1.71,-0.34,3368,0.06,-0.19,-2.26,-3.00,-0.05,0.08,-0.05,0.87,0.57,-0.4,0.2,0.0,-0.2,0.8,0.3,-0.3,5.3,5.9,5.9,0.004502,-0.26143,-0.29003,-0.11794,-0.02505,-0.00689,0.20,-0.74,0.87
DQ,-3.2,17,-0.128,0.46,-0.17,-0.08755,-0.0728,-1.26,-0.18,-1.46,-0.17,3550,0.24,-0.10,-2.09,-3.15,0.21,-0.01,0.12,-0.26,0.78,0.0,0.6,0.2,0.0,1.2,0.6,-0.3,5.3,5.5,5.5,-0.001466,-0.00061,-0.22107,-0.12196,-0.00434,-0.00644,0.15,-0.71,0.96
CQ,-5.0,13,0.487,-0.49,0.05,0.03575,0.0715,-2.73,0.04,-2.85,0.17,1375,-0.07,0.10,-3.31,-4.37,0.21,0.23,0.04,-0.84,-0.54,0.1,0.3,0.2,-0.7,0.1,0.3,0.0,5.5,5.4,6.1,0.001387,0.25200,0.06070,0.02698,0.02667,0.00991,-0.41,-1.97,-0.05
QQ,-3.4,7,-0.430,-0.08,0.29,0.0197,-0.0550,-0.89,0.27,-1.54,-0.09,1253,0.20,-0.10,-1.94,-4.71,-0.38,-0.29,0.14,0.73,0.41,0.0,0.3,0.0,-0.5,0.8,0.6,-0.3,5.8,5.4,6.1,0.008438,-0.24068,-0.25399,-0.09693,-0.06601,-0.00745,0.59,-0.10,1.22
AE,-3.0,27,0.182,0.03,0.26,0.09398,0.1346,-1.51,0.25,-1.51,0.30,5933,0.38,0.19,-2.45,-2.69,0.20,-0.39,0.43,0.29,-0.02,0.5,1.2,1.1,1.0,1.0,0.8,0.4,5.2,5.0,4.8,-0.002376,0.26471,0.15220,0.10110,0.02897,0.00406,0.29,-0.77,1.32
RE,-4.2,34,-0.717,-0.26,-0.74,-0.1873,-0.3511,-2.07,-0.75,-2.27,-0.92,8570,-0.22,-0.51,-2.61,-4.05,-0.87,0.37,-0.75,-0.91,-0.70,-0.9,-0.4,-0.5,-0.5,-0.1,-0.7,-1.4,5.7,5.9,6.1,-0.004586,-0.78607,-0.73107,-0.28982,-0.05432,-0.01522,-0.11,-1.24,0.54
NE,-3.4,27,-0.262,-0.25,-0.32,-0.00720,0.1146,-1.43,-0.33,-1.51,-0.35,4550,0.12,-0.19,-2.14,-2.43,-0.30,-0.01,-0.01,0.78,-0.19,-0.4,0.5,0.3,0.2,1.2,0.6,-0.2,5.3,5.6,5.0,-0.003154,-0.18010,-0.29050,-0.09284,-0.01793,-0.00681,0.52,-0.67,1.09
DE,-3.3,38,-0.178,0.68,-0.15,-0.00952,0.1581,-1.23,-0.16,-1.02,0.06,4001,0.44,0.04,-1.77,-2.35,0.17,-0.35,0.40,0.18,0.83,0.3,0.9,0.7,0.5,2.1,1.1,0.1,5.5,5.9,5.0,0.002194,0.24572,-0.05421,-0.14442,-0.00697,-0.00727,1.32,-0.18,1.48
CE,-4.4,9,0.121,0.04,0.69,0.02004,0.1550,-2.08,0.68,-2.27,0.54,1189,0.20,0.31,-2.97,-3.02,0.72,-0.14,0.46,0.16,0.65,0.8,0.9,0.8,-0.2,0.7,0.8,0.6,5.7,5.1,5.7,0.002791,0.66360,0.46641,0.12837,0.03232,0.01832,-0.38,-0.83,0.20
QE,-3.6,19,-0.728,0.62,-0.17,-0.0372,-0.0413,-1.33,-0.18,-1.42,-0.18,3096,0.27,-0.09,-1.93,-3.45,0.03,-0.05,0.10,0.48,0.28,0.2,0.8,0.2,0.1,1.6,0.7,-0.2,5.4,5.7,6.5,-0.005234,-0.05835,-0.22637,-0.10631,-0.02655,-0.00728,0.47,-0.47,1.11
EE,-2.8,9,1.060,0.21,-0.03,0.0865,0.1259,-1.18,-0.04,-0.91,0.12,1884,0.46,0.04,-1.60,-2.85,-0.20,-0.67,0.45,1.03,1.59,0.6,1.2,1.0,0.5,2.3,1.2,0.2,6.1,6.1,5.7,0.006456,0.51101,-0.06802,-0.17005,-0.08009,-0.00947,1.24,0.72,2.18
AG,-3.8,115,0.282,-0.09,-0.07,0.00253,0.1844,-2.15,-0.07,-2.31,-0.10,17079,-0.08,-0.04,-2.91,-2.24,0.08,-0.29,-0.03,0.43,0.23,0.1,1.2,1.4,1.2,0.1,0.4,0.3,4.6,4.7,4.5,-0.003111,-0.01467,-0.05662,0.02605,0.03371,0.00106,-1.74,-2.84,0.11
RG,-4.5,58,-0.037,-0.15,-0.04,0.0711,-0.0251,-1.68,-0.04,-1.72,0.03,5656,0.09,0.03,-2.43,-2.71,-0.10,0.01,0.14,0.12,0.84,0.5,0.2,0.3,0.2,0.7,0.4,0.3,6.7,6.3,6.7,0.002466,-0.08319,-0.11493,-0.05025,0.00933,-0.00194,-0.11,-1.25,0.65
NG,-4.0,80,-0.097,-0.18,-0.14,-0.03475,0.1196,-1.56,-0.14,-1.74,-0.18,7319,-0.01,-0.09,-2.41,-1.63,-0.09,-0.18,0.10,0.46,0.12,-0.1,0.7,0.6,0.4,0.3,0.2,0.1,5.1,5.6,5.3,-0.001649,-0.37069,-0.20722,-0.02792,-0.00528,-0.00340,-0.62,-1.69,0.79
DG,-3.7,83,-0.336,-0.06,-0.22,-0.06461,0.1115,-1.62,-0.23,-1.59,-0.11,8632,0.11,-0.06,-2.34,-1.84,0.11,-0.24,0.17,-0.55,0.37,-0.4,0.8,0.8,0.7,0.5,0.5,0.2,4.5,4.7,6.1,0.001528,-0.22435,-0.13454,-0.01798,-0.02100,-0.00242,-0.67,-1.64,0.75
CG,-5.4,53,-0.187,-0.42,-0.08,-0.01841,-0.0982,-3.16,-0.08,-3.16,0.05,4168,-0.31,0.03,-3.68,-3.43,-0.26,0.11,-0.09,0.14,-0.74,0.1,1.3,0.9,0.1,-0.4,-0.3,-0.2,5.5,5.3,5.2,0.001847,0.20423,-0.15618,-0.06868,-0.02424,-0.00362,-2.35,-3.17,-0.56
QG,-4.4,75,-0.072,0.12,-0.06,0.0200,0.1710,-1.54,-0.07,-1.66,-0.02,4918,0.13,0.00,-2.39,-3.02,-0.11,0.05,0.20,-0.08,-0.36,-0.1,0.8,0.8,0.5,0.6,0.5,0.2,5.1,5.9,7.2,-0.000425,-0.01890,-0.16506,-0.02051,-0.02658,-0.00242,-0.01,-1.60,0.73
EG,-3.8,54,-0.041,0.40,0.25,0.0860,0.2311,-1.22,0.24,-1.22,0.21,5248,0.32,0.13,-2.12,-1.58,0.50,-0.37,0.48,0.88,0.48,0.6,1.1,1.1,0.9,1.0,0.9,0.4,4.5,5.6,5.3,-0.000113,0.14922,-0.01456,0.04571,0.03380,0.00092,0.37,-1.07,1.16
GG,-3.9,75,-0.068,0.04,-0.38,-0.1748,0.2219,-2.17,-0.39,-2.24,-0.41,10881,-0.29,-0.25,-2.62,-1.77,-0.27,-0.39,-0.20,-0.30,0.01,0.3,1.5,1.7,1.1,0.1,0.1,0.1,3.9,4.5,4.5,0.000990,-0.48115,-0.14051,-0.08089,-0.02023,-0.00526,-1.68,-2.60,0.35
AH,-4.0,25,-0.079,-0.15,0.34,0.00916,0.0266,-2.09,0.34,-2.41,0.17,3600,0.07,0.11,-2.95,-3.29,0.01,0.04,0.21,0.66,0.29,-0.1,0.4,0.5,0.2,0.4,0.5,0.0,5.2,5.2,5.3,-0.002432,0.32413,0.02143,0.06456,0.01652,0.00321,-0.48,-1.69,0.35
RH,-4.9,17,0.111,-0.01,-0.12,-0.0218,-0.0184,-2.12,-0.13,-2.16,-0.04,1883,0.05,-0.01,-2.60,-3.24,0.35,0.10,0.04,-0.62,0.36,-0.4,-0.1,-0.1,-0.4,0.0,-0.4,-0.9,5.7,5.9,5.5,0.009985,-0.10894,0.02841,-0.02235,0.02289,0.00007,0.34,-0.94,0.47
NH,-4.4,25,-0.141,0.06,-0.24,-0.00094,0.0386,-2.01,-0.24,-2.08,-0.15,2053,0.00,-0.08,-2.60,-3.05,-0.52,-0.14,0.10,0.95,-0.06,-0.5,0.2,0.0,-0.4,-0.2,-0.5,-0.8,5.4,5.5,5.5,0.008099,-0.00420,-0.22095,-0.07118,-0.02616,-0.00362,0.10,-0.67,0.91
DH,-4.3,32,-0.270,-0.06,-0.39,-0.03380,-0.0749,-2.14,-0.40,-2.32,-0.47,3603,-0.10,-0.27,-2.70,-2.93,0.00,0.06,-0.22,0.63,-0.07,-1.0,-0.1,-0.2,-0.4,-0.3,-0.6,-1.0,5.2,5.8,5.5,-0.002501,-0.47402,-0.51082,-0.12234,0.01351,-0.00685,-0.09,-1.44,0.29
CH,-5.6,11,-0.187,-0.82,-0.19,-0.03699,-0.0701,-3.63,-0.20,-3.60,-0.02,1209,-0.36,-0.02,-3.87,-4.79,-0.64,0.00,-0.19,-2.34,-0.66,-1.2,0.1,-0.2,-1.4,-1.2,-1.1,-1.3,5.4,5.9,6.0,0.054553,0.24383,-0.08947,-0.05122,-0.06586,-0.00424,-1.21,-2.31,-0.83
QH,-4.7,17,0.247,0.05,-0.02,0.0522,-0.0125,-1.85,-0.03,-1.98,0.03,1332,0.15,0.02,-2.48,-4.20,-0.31,0.01,0.22,0.83,-0.60,0.9,0.1,-0.1,-0.5,-0.1,-0.2,-0.9,5.2,6.2,6.8,0.005803,-0.03046,-0.13022,-0.07235,-0.00106,-0.00218,0.43,-1.04,0.83
EH,-4.5,24,0.072,-0.53,-0.45,-0.1188,-0.0827,-2.27,-0.46,-2.15,-0.35,2800,0.00,-0.19,-2.49,-3.15,-0.10,0.14,-0.11,-0.17,1.27,-0.9,0.1,-0.1,-0.3,0.0,-0.4,-1.0,5.5,5.7,5.8,-0.007232,-0.10674,-0.38576,-0.08473,0.01615,-0.00352,-0.09,-1.17,0.74
GH,-4.7,40,0.127,0.00,0.20,0.0876,0.0979,-1.94,0.19,-2.15,0.05,3425,0.00,0.04,-2.77,-2.47,0.01,0.08,0.23,0.19,0.42,0.3,0.7,0.7,0.3,0.5,0.4,0.3,4.5,5.4,5.3,-0.000951,0.08603,-0.17065,-0.00788,-0.08543,-0.00394,-0.42,-2.08,0.53
HH,-4.9,8,0.392,0.14,-0.29,-0.02649,0.0005,-2.78,-0.30,-3.05,-0.48,1224,-0.40,-0.36,-3.27,-3.08,0.38,0.03,-0.33,-3.30,-2.26,-1.4,-0.8,-0.6,-1.2,-0.9,-1.0,-1.5,5.3,6.0,6.2,0.001314,-0.23317,-0.55055,-0.36006,-0.11699,-0.02024,-0.40,-1.69,0.28
AI,-5.9,119,-0.535,-0.64,-0.22,-0.10044,-0.0737,-4.41,-0.22,-4.58,-0.14,16465,-0.37,-0.07,-4.18,-4.45,-0.08,-0.10,-0.35,-0.79,-0.85,-0.6,-0.6,-0.3,-0.3,-0.4,-0.1,-0.4,5.2,5.5,5.5,-0.002119,-0.22176,-0.03193,-0.10028,-0.04417,-0.00746,-2.09,-3.27,-0.45
RI,-6.2,33,-0.014,-0.08,0.42,0.0338,-0.0266,-3.33,0.42,-3.63,0.35,4065,0.00,0.20,-3.42,-4.29,0.37,0.10,0.18,0.31,-0.22,0.4,-0.2,-0.2,-0.2,-0.4,-0.2,-0.6,5.9,6.1,6.2,0.001034,0.33584,0.34774,0.19111,0.06128,0.01401,-0.77,-1.41,0.05
NI,-5.8,51,0.456,0.39,0.53,0.04248,0.1485,-2.99,0.54,-3.24,0.55,3331,0.14,0.32,-3.13,-3.42,0.16,-0.05,0.55,0.48,0.22,0.7,0.5,0.4,0.2,0.7,0.7,0.2,5.3,5.7,5.3,0.002317,0.38282,0.49079,0.16954,0.02517,0.01338,-0.84,-1.41,0.40
DI,-5.4,43,0.229,0.04,0.59,0.01813,0.1892,-2.91,0.59,-3.17,0.54,4318,0.22,0.31,-3.09,-3.46,0.54,-0.24,0.54,0.19,-0.18,0.6,0.5,0.6,0.5,0.9,0.9,0.4,5.7,5.6,6.0,0.002659,0.44972,0.64069,0.17048,0.00868,0.01451,-0.65,-1.28,0.47
CI,-7.3,33,-0.415,-0.48,0.16,-0.00256,-0.2235,-5.03,0.16,-5.50,-0.06,3830,-0.64,-0.04,-4.90,-5.53,-0.30,0.00,-0.48,-0.26,-1.02,-1.1,-0.5,-0.5,-0.8,-0.2,-0.2,-0.8,5.2,5.5,5.9,0.002965,0.12534,0.08276,0.00854,0.04323,-0.00508,-2.99,-3.73,-1.27
QI,-5.9,29,0.020,-0.39,0.36,0.0548,-0.0480,-3.22,0.36,-3.67,0.20,3772,-0.01,0.12,-3.30,-4.65,0.33,0.15,0.14,0.31,0.66,0.3,0.1,0.0,-0.1,0.3,0.7,0.0,5.4,5.7,6.0,-0.001875,0.20555,0.31459,0.13563,0.04162,0.01197,-1.00,-1.45,0.24
EI,-5.7,35,0.385,-0.20,0.35,0.0500,0.1103,-3.23,0.34,-3.27,0.39,4498,0.17,0.24,-3.11,-3.99,0.13,-0.28,0.38,-0.47,0.31,0.4,0.4,0.3,0.3,0.7,0.8,0.2,5.6,5.9,5.9,0.007647,0.21945,0.51696,0.14349,0.03018,0.01407,-0.52,-1.48,0.70
GI,-6.3,109,0.127,0.40,0.25,0.0339,0.1174,-3.65,0.24,-3.78,0.28,9071,-0.13,0.17,-3.61,-3.50,0.05,-0.20,0.21,0.31,-0.04,0.3,0.4,0.5,0.4,0.2,0.3,0.1,5.5,5.1,5.2,0.000446,0.36527,0.27635,0.02672,0.00072,0.00567,-2.15,-2.93,0.01
HI,-6.6,27,-0.062,-0.52,0.49,-0.00602,-0.0326,-3.76,0.48,-4.14,0.29,2525,-0.13,0.17,-3.74,-4.55,-0.02,0.24,0.19,-0.37,-0.31,-0.2,-0.1,0.0,-0.3,-0.8,-0.5,-0.7,5.9,5.9,6.3,-0.000476,0.10553,0.51369,0.16715,0.06119,0.01233,-1.18,-1.86,-0.21
II,-8.2,81,-0.051,-0.71,-0.22,-0.0449,-0.5852,-6.22,-0.22,-6.54,-0.25,8432,-0.74,-0.18,-5.29,-5.97,-0.37,-0.20,-0.60,-0.27,-1.10,-0.8,-1.4,-1.1,-1.1,-0.5,-0.3,-1.0,5.8,6.2,6.4,0.006801,-0.3170,-0.38531,-0.12746,-0.03438,-0.02696,-2.72,-3.5,-1.04
AL,-4.8,174,-0.245,-0.57,-0.01,-0.00789,-0.1711,-3.96,-0.01,-4.91,-0.08,24837,-0.38,-0.04,-4.06,-5.02,-0.09,0.01,-0.37,-0.13,-0.72,-0.4,-0.3,-0.1,-0.1,-0.4,-0.2,-0.4,5.2,5.5,5.4,0.000864,-0.15025,0.01865,-0.08988,-0.02847,-0.00482,-1.89,-3.29,-0.25
RL,-5.1,47,0.374,-0.10,0.35,0.0164,-0.0651,-3.15,0.36,-4.03,0.34,6653,-0.04,0.20,-3.24,-5.01,0.21,0.07,0.09,0.28,-0.04,0.2,-0.1,-0.2,-0.2,-0.4,-0.4,-0.6,5.8,6.1,6.0,-0.001302,0.19784,0.31116,0.18513,0.01866,0.01049,-0.63,-1.18,0.26
NL,-4.6,63,0.430,-0.10,0.30,0.01271,0.0890,-2.99,0.30,-3.74,0.44,5751,0.04,0.26,-3.09,-3.94,0.23,-0.29,0.36,1.17,-0.19,0.5,0.4,0.3,0.3,0.8,0.6,0.2,5.7,5.9,5.8,-0.000605,0.35359,0.49954,0.12818,0.02276,0.01113,-0.63,-1.45,0.37
DL,-4.3,60,0.316,0.50,0.67,0.02074,0.2673,-2.59,0.67,-3.40,0.70,5729,0.27,0.40,-2.84,-4.16,0.41,-0.21,0.62,0.41,1.12,0.8,0.7,0.6,0.5,1.0,0.8,0.5,5.5,5.6,5.6,0.000585,0.38200,0.67107,0.14879,0.00746,0.01230,-0.31,-1.26,0.57
CL,-6.2,49,-0.061,-0.69,-0.08,0.07471,-0.1305,-5.03,-0.08,-5.83,0.00,5395,-0.65,-0.01,-4.72,-6.13,-0.34,0.09,-0.50,-0.25,-0.24,-0.5,-0.4,-0.5,-0.6,-0.4,-0.4,-0.9,5.5,5.7,5.7,-0.000196,0.10747,0.03309,-0.00733,0.00556,-0.00648,-2.74,-3.63,-1.25
QL,-5.0,53,0.391,-0.13,0.26,0.0215,-0.0172,-3.09,0.25,-4.04,0.22,6091,-0.04,0.13,-3.17,-5.36,0.17,0.02,0.08,-0.22,0.10,0.4,0.2,0.0,0.0,0.3,0.4,-0.2,5.8,5.9,5.6,-0.004168,0.07523,0.32215,0.12921,-0.00516,0.00870,-0.64,-1.38,0.38
EL,-4.6,53,0.480,-0.05,0.43,0.0173,0.0802,-2.91,0.42,-3.59,0.46,6706,0.17,0.28,-2.85,-4.35,0.34,-0.29,0.37,-0.05,0.99,0.7,0.6,0.4,0.4,0.7,0.8,0.2,5.8,5.5,5.7,-0.000453,0.19892,0.47591,0.14917,-0.02856,0.01041,-0.22,-1.23,0.82
GL,-5.2,155,-0.004,-0.08,0.23,0.0932,0.0782,-3.43,0.22,-4.16,0.29,13533,-0.16,0.18,-3.56,-3.79,0.33,-0.13,0.14,0.23,-0.20,0.5,0.4,0.7,0.6,0.3,0.3,0.2,5.9,4.9,5.7,-0.001538,0.30617,0.33203,0.01380,0.03720,0.00659,-1.87,-2.98,0.13
HL,-5.6,49,0.029,-0.36,0.16,0.01358,-0.0169,-3.84,0.16,-4.54,0.28,4133,-0.18,0.16,-3.69,-4.85,0.25,0.13,0.10,-0.17,-0.31,-0.3,-0.1,0.0,-0.2,-0.6,-0.5,-0.8,5.7,5.8,5.8,-0.004529,0.11443,0.31403,0.12272,-0.00183,0.00681,-0.79,-1.86,-0.03
IL,-7.5,230,-0.223,-1.04,-0.41,-0.1608,-0.5112,-6.17,-0.41,-7.04,-0.36,26396,-0.81,-0.21,-5.21,-6.67,-0.50,0.35,-0.79,-0.58,-1.15,-0.6,-1.3,-1.2,-1.2,-0.4,-0.3,-1.0,5.6,6.1,6.3,-0.000782,-0.1261,-0.35708,-0.08644,-0.01016,-0.01896,-2.93,-3.7,-1.15
LL,-6.0,167,-0.070,-1.14,-0.27,-0.0980,-0.5067,-5.79,-0.27,-7.37,-0.30,21432,-0.84,-0.20,-5.03,-7.16,-0.42,-0.06,-0.81,-1.42,-1.60,-0.6,-1.2,-1.1,-1.1,-0.4,-0.5,-1.2,5.7,6.2,6.2,-0.000748,-0.19983,-0.36593,-0.06027,-0.01409,-0.01700,-2.69,-3.5,-1.04
AK,-3.1,55,0.063,0.00,0.14,0.04718,0.0691,-1.10,0.15,-1.31,0.23,6019,0.41,0.13,-2.28,-1.91,0.06,-0.53,0.20,0.18,0.96,1.0,1.3,1.0,0.8,1.0,0.8,0.4,5.2,5.2,5.4,0.001754,0.39894,0.14682,0.06167,0.02223,0.00368,0.08,-0.70,1.06
RK,-3.6,20,0.734,0.30,0.75,0.0131,0.0839,-0.06,0.75,-0.59,0.49,1803,0.66,0.28,-1.47,-2.11,0.15,-0.01,0.50,0.56,1.24,1.7,1.1,0.6,0.4,1.0,0.2,-0.4,6.5,6.3,5.3,0.007273,0.55155,0.05722,-0.03348,-0.03842,-0.00416,1.21,0.28,1.65
NK,-3.3,39,0.222,0.18,-0.33,0.00884,-0.0381,-0.91,-0.32,-1.21,-0.32,4260,0.22,-0.18,-1.95,-1.63,-0.44,-0.17,-0.14,0.00,0.38,0.1,0.7,0.3,0.2,1.4,0.6,-0.2,5.3,5.7,5.9,0.006158,-0.07038,-0.28908,-0.17589,-0.04689,-0.00823,0.32,-0.35,1.11
DK,-3.2,54,-0.759,-0.09,-0.76,-0.09309,-0.1154,-1.32,-0.76,-1.68,-0.87,9501,-0.01,-0.50,-2.22,-2.47,-0.87,0.16,-0.69,-0.71,-0.55,-0.6,0.2,-0.2,-0.2,0.9,0.1,-0.8,5.3,5.6,5.8,-0.000642,-0.90014,-0.83773,-0.28130,-0.05616,-0.01640,0.09,-1.00,0.58
CK,-4.4,14,1.115,0.00,0.71,0.01137,-0.0330,-1.54,0.71,-1.95,0.59,1200,0.33,0.35,-2.71,-2.28,-0.50,-0.03,0.35,0.45,-0.38,1.6,1.3,0.9,-0.3,0.4,0.8,0.5,5.3,6.2,6.5,-0.006040,0.73178,0.30183,0.10403,0.08814,0.01873,-0.46,-0.74,0.76
QK,-3.7,32,-0.181,0.04,-0.38,-0.0489,-0.0735,-1.02,-0.38,-1.29,-0.32,3304,0.28,-0.17,-1.84,-2.56,0.00,-0.17,-0.20,0.86,-0.04,0.4,0.5,0.1,0.0,1.5,0.8,-0.3,5.7,5.8,5.8,0.002349,-0.24804,-0.21644,-0.16154,0.01306,-0.00765,0.53,-0.42,1.29
EK,-3.8,70,-0.782,-0.09,-0.97,-0.1536,-0.2403,-1.60,-0.97,-1.80,-1.04,10234,-0.06,-0.57,-2.20,-2.83,-1.11,0.16,-0.87,-0.34,-0.36,-0.7,0.0,-0.4,-0.4,1.4,0.2,-1.0,5.3,5.8,6.3,-0.009604,-0.92364,-0.84899,-0.32208,-0.09281,-0.01791,0.09,-1.06,0.93
GK,-3.8,92,0.065,0.10,0.11,0.0376,0.1963,-0.84,0.11,-1.15,0.01,6054,0.29,0.01,-2.08,-1.32,-0.17,-0.19,0.12,0.82,0.95,1.2,0.9,0.7,0.6,1.0,0.7,0.4,5.9,4.7,4.9,-0.001308,0.00501,-0.13111,0.00219,0.06072,-0.00007,-0.16,-0.83,1.08
HK,-4.1,21,-0.235,0.14,0.22,0.02636,0.0390,-1.09,0.21,-1.35,0.18,1554,0.38,0.10,-2.02,-2.14,-0.01,-0.02,0.26,0.79,-0.01,0.3,1.0,0.6,0.1,0.3,0.0,-0.6,5.2,5.6,5.9,0.002934,0.00361,0.15045,0.05396,0.07429,0.00289,0.40,-0.61,1.23
IK,-5.6,53,-0.058,-0.26,0.36,0.0175,0.0682,-2.70,0.36,-3.01,0.38,4199,0.24,0.22,-2.95,-2.88,0.32,-0.21,0.21,-0.08,-0.01,0.8,0.5,0.4,0.3,0.7,1.0,0.2,5.8,5.9,5.9,0.000855,0.2170,0.37502,0.16985,0.00004,0.01311,-0.56,-1.3,0.48
LK,-4.6,86,-0.015,0.10,0.19,0.0509,0.0543,-2.63,0.19,-3.37,0.41,6531,0.22,0.24,-2.74,-3.24,0.52,-0.07,0.16,0.43,1.02,1.1,0.5,0.3,0.3,0.6,0.8,0.3,5.4,5.8,6.0,0.002119,0.21292,0.42522,0.10764,-0.01861,0.01001,-0.20,-1.2,0.78
KK,-2.7,20,0.567,1.45,0.25,0.1122,0.1216,0.13,0.25,-0.12,0.37,1354,0.76,0.16,-1.14,-1.02,-0.22,-0.78,0.38,1.01,2.28,1.9,2.1,1.6,0.6,2.5,1.6,0.3,5.7,6.1,5.5,0.005109,0.56407,0.06908,-0.19507,-0.12343,-0.00994,1.52,0.47,2.23
AM,-4.6,26,-0.364,0.05,0.25,0.07572,-0.0847,-3.99,0.25,-3.94,0.00,5014,-0.27,0.00,-3.93,-4.42,-0.27,0.15,-0.23,-0.82,-0.85,0.1,-0.3,-0.2,-0.3,-0.2,0.0,-0.3,5.0,5.3,5.3,-0.001496,0.03521,-0.08634,-0.03220,0.00464,-0.00177,-1.28,-2.63,0.29
RM,-5.0,9,0.509,-0.43,0.31,0.0583,-0.0163,-3.49,0.31,-3.12,0.36,1463,0.03,0.20,-3.15,-4.13,0.30,0.37,0.17,0.40,0.67,0.1,0.2,0.0,-0.4,-0.3,-0.4,-0.6,5.8,6.3,6.1,-0.004676,0.12999,0.23747,0.07068,0.04384,0.00669,-0.10,-0.98,0.58
NM,-4.2,7,0.405,0.31,0.08,0.03734,0.0124,-3.50,0.08,-2.95,0.34,1410,0.04,0.19,-3.04,-3.05,0.32,-0.01,0.32,1.92,0.66,0.2,0.3,0.1,-0.3,0.5,0.6,0.2,5.2,6.3,5.7,0.018413,0.02882,0.13447,0.11448,-0.00145,0.00508,-0.46,-1.32,0.68
DM,-4.3,13,0.097,1.07,0.65,0.06106,-0.0197,-2.90,0.65,-2.57,0.64,1389,0.30,0.36,-2.80,-3.69,0.09,0.02,0.62,0.08,0.42,1.0,0.6,0.4,0.0,1.1,0.9,0.4,6.1,5.9,5.5,0.001491,0.32317,0.34501,0.06630,0.02495,0.00738,0.14,-1.04,0.75
CM,-6.2,11,-0.032,-1.23,0.19,0.13069,-0.0557,-5.05,0.19,-4.99,-0.05,1247,-0.61,-0.04,-4.72,-5.07,-0.08,0.00,-0.49,-1.99,-1.30,-1.8,-0.3,-0.5,-1.3,-0.4,-0.3,-0.7,5.3,5.8,5.3,0.014331,0.04462,-0.03164,-0.10678,0.00328,-0.00917,-2.17,-3.48,-0.74
QM,-3.5,1,0.013,-0.54,0.46,0.0304,-0.1038,-3.17,0.46,-3.30,0.07,1490,-0.06,0.04,-3.24,-4.46,0.27,0.23,-0.01,0.16,0.41,0.2,0.1,-0.1,-0.5,0.3,0.5,0.0,4.9,5.6,5.2,-0.002908,-0.03542,0.13752,0.01964,0.01284,0.00385,-0.23,-1.66,0.65
EM,-4.6,12,0.188,0.02,0.44,0.1327,0.0637,-3.19,0.43,-2.89,0.27,1827,0.12,0.16,-2.90,-3.76,0.13,0.10,0.24,0.06,0.00,0.0,0.4,0.4,0.0,1.1,0.9,0.3,5.9,5.7,6.2,0.003231,0.15161,0.21535,0.07144,0.00847,0.00624,0.27,-0.64,1.08
GM,-5.1,32,0.084,0.00,0.19,0.0944,-0.0573,-3.75,0.19,-3.39,0.17,3376,-0.17,0.10,-3.40,-3.02,0.31,0.34,0.08,0.08,-0.63,0.4,0.5,0.6,0.2,0.2,0.2,0.2,4.7,5.8,5.3,0.002339,0.14609,0.15193,-0.02177,0.00033,0.00184,-1.50,-2.48,0.54
HM,-5.4,7,0.293,-0.35,0.99,-0.01512,-0.0345,-3.31,0.98,-3.98,-0.05,1273,-0.29,-0.02,-3.80,-4.47,-0.17,0.00,-0.17,-0.52,0.18,-0.9,-0.4,-0.3,-0.9,-0.7,-0.6,-0.9,5.0,5.9,5.7,0.031785,0.01416,0.04739,0.03768,0.03515,0.00257,-1.00,-1.55,0.19
IM,-7.4,44,-0.103,-0.41,-0.28,-0.0974,-0.2137,-6.33,-0.28,-6.02,-0.23,5188,-0.66,-0.13,-4.95,-5.37,0.00,0.33,-0.60,0.03,0.07,-0.7,-1.0,-0.8,-0.9,-0.3,-0.2,-0.8,5.7,5.9,6.1,-0.009283,-0.0879,-0.15359,-0.00634,-0.04361,-0.00919,-2.44,-3.1,-0.52
LM,-6.3,58,-0.253,-0.31,-0.20,-0.0624,-0.1822,-6.01,-0.20,-6.41,-0.23,8218,-0.70,-0.13,-4.91,-6.24,-0.30,0.44,-0.68,-0.36,-1.39,-0.6,-1.0,-1.0,-1.0,-0.3,-0.3,-0.9,5.4,6.2,6.3,-0.002531,-0.12860,-0.14099,0.01406,0.01546,-0.00508,-2.37,-3.1,-0.68
KM,-4.7,21,0.347,0.55,0.00,0.0602,0.0866,-3.11,0.00,-2.48,0.41,1456,0.29,0.24,-2.58,-2.36,0.61,0.09,0.22,0.77,1.66,0.5,0.6,0.3,-0.1,0.7,1.0,0.3,5.8,6.5,5.8,-0.004667,0.15363,0.32782,0.15021,0.03596,0.00853,0.20,-1.17,1.15
MM,-5.8,6,-0.006,0.36,0.04,0.0140,-0.1059,-6.06,0.04,-5.46,-0.17,1125,-0.70,-0.20,-4.80,-5.89,-0.74,0.00,-0.56,-1.08,-1.89,-1.1,-1.1,-1.0,-1.4,-0.7,-0.5,-1.0,5.9,5.9,5.5,0.031655,-0.13998,-0.16514,-0.00959,-0.08561,-0.00882,-1.85,-1.95,-0.12
AF,-5.1,62,0.132,-0.05,0.03,0.03878,-0.1119,-4.36,0.03,-4.81,-0.03,10516,-0.36,-0.01,-4.04,-4.43,0.01,0.13,-0.33,-0.49,-0.79,-0.6,-0.2,-0.2,-0.2,-0.3,0.0,-0.2,5.1,5.5,5.8,0.005126,0.08139,-0.14905,0.02583,-0.02317,-0.00212,-1.70,-2.99,-0.41
RF,-5.8,32,-0.018,-0.22,0.41,0.0041,-0.0904,-3.54,0.41,-3.98,0.34,2956,-0.05,0.20,-3.26,-4.51,0.22,0.31,0.08,-0.89,0.43,-0.4,-0.4,-0.4,-0.4,-0.5,-0.4,-0.6,5.7,6.1,5.9,0.004855,0.03136,0.27997,0.15212,0.00793,0.00902,-0.39,-1.44,0.24
NF,-5.0,27,0.336,-0.02,0.18,0.00294,0.0018,-3.55,0.18,-3.75,0.38,2940,-0.01,0.22,-3.17,-3.89,-0.22,-0.10,0.29,0.36,0.50,0.2,0.1,0.0,-0.2,-0.4,-0.4,-0.6,5.8,6.1,6.1,0.003461,0.26608,0.27039,0.09736,0.00709,0.00842,-0.43,-1.41,0.46
DF,-4.9,32,0.118,0.20,0.39,0.01164,0.0827,-3.31,0.39,-3.48,0.57,3217,0.18,0.32,-2.95,-3.52,0.55,-0.01,0.48,0.50,0.35,0.4,0.5,0.4,0.2,-0.1,-0.2,-0.3,5.6,5.9,5.6,0.004899,0.53784,0.33380,0.14568,0.02231,0.01138,-0.09,-1.43,0.38
CF,-6.8,32,-0.095,-0.98,-0.23,-0.04520,-0.3262,-5.63,-0.24,-5.80,-0.02,2573,-0.67,-0.02,-4.94,-4.81,0.49,0.18,-0.53,-2.52,-0.96,-1.5,-0.6,-0.8,-1.1,-1.4,-1.2,-1.5,5.4,5.8,5.9,-0.013925,0.09641,-0.08872,-0.05523,-0.06254,-0.01487,-2.87,-3.61,-1.44
QF,-5.3,21,0.283,0.10,-0.29,-0.1336,-0.0171,-3.30,0.48,-4.10,0.11,3056,-0.11,0.07,-3.25,-4.89,0.14,0.16,-0.04,-0.65,-0.10,0.0,-0.1,-0.1,-0.3,-0.4,-0.3,-0.6,5.7,6.1,6.1,0.003790,0.14340,0.11689,0.06410,0.01941,0.00704,-0.48,-1.59,0.39
EF,-5.0,22,0.270,0.19,0.27,0.0136,0.0885,-3.51,0.26,-3.56,0.44,3114,0.14,0.26,-2.89,-4.10,0.09,-0.11,0.34,-0.12,-0.56,0.1,0.4,0.2,0.1,-0.1,-0.1,-0.4,5.8,5.9,6.0,-0.001143,0.25134,0.29542,0.11831,0.01009,0.01030,-0.06,-1.22,0.55
GF,-5.6,67,0.457,0.21,-0.38,-0.1882,0.0789,-3.72,0.37,-4.13,0.27,6523,-0.19,0.16,-3.52,-3.76,-0.15,-0.12,0.11,0.90,-0.10,0.1,0.3,0.4,0.3,0.3,0.2,0.1,5.4,6.0,5.3,0.000189,0.21293,0.05265,0.07023,0.00280,0.00378,-1.63,-3.01,0.09
HF,-6.4,38,-0.141,-0.75,-0.16,-0.09404,-0.1250,-4.61,-0.17,-4.77,0.00,2581,-0.34,0.01,-3.95,-3.82,0.79,0.34,-0.19,-1.03,0.52,-1.0,-0.4,-0.3,-0.6,-0.8,-0.6,-0.9,5.5,6.0,6.1,-0.000190,0.03923,0.09431,0.03701,-0.00113,0.00222,-1.21,-1.83,-0.28
IF,-8.0,103,-0.348,-0.66,-0.19,-0.1160,-0.3791,-6.39,-0.19,-6.84,-0.21,10183,-0.73,-0.12,-5.25,-6.11,-0.44,0.59,-0.65,-0.72,-0.76,-0.8,-1.3,-1.1,-1.1,-1.4,-1.1,-1.4,6.0,6.2,6.4,-0.009792,-0.1911,-0.09249,-0.08883,-0.02499,-0.01376,-2.46,-3.5,-1.09
LF,-7.0,175,-0.460,-1.02,-0.30,-0.0551,-0.5450,-6.26,-0.30,-7.28,-0.26,17228,-0.80,-0.15,-5.18,-6.65,-0.40,0.41,-0.78,-0.89,-1.24,-0.9,-1.3,-1.1,-1.1,-1.4,-1.2,-1.4,5.8,6.2,6.3,-0.002127,-0.22682,-0.12690,-0.11808,-0.00421,-0.01304,-2.58,-3.5,-1.05
KF,-4.9,32,0.259,-0.17,0.44,0.0384,-0.0416,-2.83,0.43,-3.36,0.37,3098,0.19,0.22,-2.70,-2.70,0.57,-0.05,0.11,0.32,-0.01,0.3,0.4,0.3,0.1,-0.2,-0.1,-0.2,5.5,5.5,5.8,-0.004479,0.04828,0.31158,0.14062,0.01523,0.01045,-0.21,-0.92,0.74
MF,-6.6,20,-0.501,-1.03,-0.42,-0.0876,-0.1785,-6.68,-0.43,-6.56,-0.43,4546,-0.83,-0.25,-5.03,-5.58,-0.14,0.58,-0.89,-1.37,-1.04,-1.1,-1.3,-1.1,-1.2,-1.4,-1.2,-1.4,5.8,6.2,6.0,0.001010,-0.23360,-0.11997,-0.11397,0.00735,-0.00980,-2.25,-3.13,-0.60
FF,-7.1,53,-0.163,-0.61,-0.44,-0.11542,-0.3088,-6.85,-0.45,-7.26,-0.29,4778,-0.88,-0.22,-5.22,-6.45,-0.71,0.33,-0.82,-2.38,-1.39,-1.5,-1.5,-1.2,-1.3,-1.6,-1.4,-1.5,6.2,6.3,6.4,-0.013128,-0.24651,-0.19925,-0.10140,0.03221,-0.01272,-2.45,-3.10,-1.09
AP,-3.4,33,0.022,0.41,0.10,0.07816,0.1462,-1.81,0.10,-2.03,0.08,6368,0.15,0.06,-2.81,-1.78,0.19,-0.56,0.07,0.87,0.08,0.3,0.6,0.8,0.7,0.4,0.5,0.4,5.2,5.3,4.9,-0.005081,0.03615,0.08000,0.04566,0.02263,0.00258,-0.26,-1.64,0.48
RP,-4.2,20,-0.176,-0.02,-0.38,-0.0620,-0.0614,-1.85,-0.38,-1.70,-0.05,3036,0.17,-0.02,-2.29,-2.43,-0.17,0.03,-0.02,-0.59,-0.31,0.5,0.1,0.1,0.0,-0.1,-0.4,-0.5,5.7,6.1,5.3,-0.000067,-0.06999,-0.11752,-0.16615,-0.01342,-0.00549,0.45,-0.84,0.82
NP,-3.6,22,0.109,0.11,-0.18,0.01251,0.1560,-1.43,-0.18,-1.53,-0.07,3077,0.18,-0.03,-2.28,-1.01,0.19,0.02,0.13,0.08,-0.25,0.4,0.5,0.6,0.3,0.6,0.6,0.3,5.3,5.5,5.1,0.003707,-0.20175,-0.22235,-0.09111,-0.07512,-0.00660,0.59,-0.78,1.09
DP,-3.3,23,0.175,0.84,0.04,0.04375,0.2386,-1.19,0.03,-1.33,0.05,3483,0.33,0.03,-2.16,-1.24,0.36,-0.22,0.25,0.20,0.83,0.6,0.9,0.9,0.6,1.0,0.8,0.5,5.2,5.2,5.4,0.000755,-0.21449,-0.10799,-0.05572,-0.08884,-0.00591,0.44,-0.27,1.26
CP,-5.3,24,-0.199,0.07,0.00,-0.01505,0.0545,-2.92,-0.01,-3.07,0.04,1983,-0.18,0.03,-3.50,-2.97,-0.15,-0.28,-0.18,-0.19,-0.45,0.0,0.4,0.4,-0.4,-0.1,0.1,-0.1,5.9,5.7,5.2,-0.001720,-0.04477,-0.09590,0.01966,-0.02198,0.00302,-1.12,-1.92,-0.23
QP,-4.0,23,-0.545,-0.21,-0.42,-0.0837,0.1127,-1.73,-0.43,-1.73,-0.19,2779,0.17,-0.09,-2.35,-2.67,-0.11,-0.14,-0.05,0.24,-0.07,-0.1,0.2,0.4,0.0,0.6,0.5,0.3,5.7,5.4,5.8,0.000525,-0.16569,-0.18800,-0.08858,-0.06324,-0.00606,0.94,-0.58,1.09
EP,-3.5,17,-0.064,0.33,-0.10,0.0724,0.2241,-1.40,-0.11,-1.26,0.07,2989,0.37,0.05,-2.09,-1.70,0.01,-0.30,0.26,-0.18,0.24,0.6,0.7,0.5,0.4,1.0,0.7,0.4,5.5,5.3,5.6,0.005402,-0.14194,-0.08512,-0.10634,-0.05330,-0.00588,0.87,0.38,1.25
GP,-4.2,62,0.127,0.40,-0.11,0.0982,0.2131,-1.72,-0.11,-1.87,-0.14,6827,0.02,-0.07,-2.60,-1.01,0.13,-0.27,-0.01,-0.81,0.16,0.4,0.8,1.1,0.8,0.4,0.5,0.4,5.6,4.0,4.4,0.009071,-0.18438,-0.05692,-0.04698,-0.01507,-0.00235,-0.45,-1.85,0.74
HP,-4.5,15,0.037,-0.22,-0.21,-0.07370,0.0295,-2.17,-0.21,-2.25,-0.15,2097,0.01,-0.08,-2.69,-1.80,0.33,-0.22,-0.05,-1.01,0.93,-0.5,0.0,0.3,-0.2,-0.6,-0.5,-0.6,5.5,5.5,5.4,-0.002032,-0.27877,-0.05316,-0.05851,0.02330,-0.00167,0.31,-0.81,0.59
IP,-6.0,41,0.382,0.25,0.25,0.0427,0.0882,-3.47,0.25,-3.76,0.20,4600,-0.05,0.12,-3.62,-3.09,0.11,-0.43,0.05,-0.33,0.43,0.3,0.0,0.1,0.0,0.4,0.4,0.3,5.7,5.9,5.9,0.004353,0.5603,0.19667,0.12930,0.07910,0.01190,-1.14,-1.6,0.14
LP,-4.8,46,-0.170,0.09,0.42,0.0211,0.0745,-3.06,0.42,-4.20,0.15,7632,-0.12,0.09,-3.55,-3.75,0.01,-0.06,-0.08,0.08,-0.27,0.5,0.0,0.1,0.1,0.4,0.4,0.4,5.6,5.8,5.9,-0.005026,0.35217,0.20002,0.07467,0.04662,0.00832,-0.69,-1.9,0.10
KP,-3.6,34,0.068,0.51,0.11,0.1598,0.1099,-0.67,0.11,-0.97,0.09,2665,0.47,0.06,-1.95,-0.50,0.30,-0.46,0.12,0.42,0.45,1.1,0.9,0.8,0.5,1.3,1.1,0.6,5.9,5.9,5.4,0.009888,0.04081,-0.01420,-0.12627,-0.06779,-0.00579,0.64,-0.41,1.59
MP,-5.1,16,-0.104,-0.25,-0.34,-0.0395,-0.0069,-4.11,-0.34,-3.45,0.01,1916,-0.13,0.01,-3.43,-3.11,-0.14,0.39,-0.16,-0.75,-0.22,-0.2,-0.2,0.0,-0.4,0.3,0.3,0.2,5.4,5.8,6.1,-0.008698,0.11287,0.08185,0.09356,0.02119,0.00497,0.07,-1.43,0.54
FP,-5.2,19,-0.083,-0.43,0.20,0.06601,-0.0604,-3.73,0.19,-4.25,0.05,3930,-0.19,0.03,-3.54,-3.46,-0.19,0.08,-0.19,1.41,-0.09,-0.2,-0.1,-0.2,-0.3,-0.7,-0.6,-0.6,5.5,5.8,5.6,-0.006986,-0.10484,0.16121,0.12370,0.05823,0.00807,-0.42,-1.75,-0.04
PP,-3.5,11,0.033,0.28,0.26,0.013,0.1077,-1.18,0.26,-1.75,-0.12,1824,0.11,-0.11,-2.53,-0.83,-0.03,-0.57,-0.07,0.06,0.41,0.1,0.4,0.9,0.3,0.4,0.5,0.8,4.9,5.3,5.2,-0.003621,-0.04170,-0.20538,-0.13648,-0.08318,-0.00713,1.19,0.20,1.11
AS,-2.9,64,0.115,-0.01,-0.06,0.00648,0.0464,-1.89,-0.06,-2.01,-0.01,11447,0.10,0.01,-2.76,-2.49,0.08,-0.15,0.15,0.18,0.24,-0.1,0.9,0.9,0.8,0.3,0.3,-0.2,4.7,4.7,4.9,-0.001515,0.10475,0.00350,0.05356,0.00275,0.00167,-0.83,-1.74,0.45
RS,-3.8,44,-0.263,0.61,0.17,0.0856,0.0442,-1.22,0.17,-1.62,-0.08,4790,0.16,-0.03,-2.46,-2.78,0.08,0.19,0.12,0.84,0.91,0.0,0.2,0.3,0.2,-0.2,-0.4,-0.8,5.6,5.4,5.7,-0.001180,-0.02548,-0.18824,-0.09178,-0.00075,-0.00364,0.24,-0.81,0.55
NS,-3.1,42,-0.334,0.37,-0.14,-0.00054,0.1452,-1.31,-0.14,-1.58,-0.23,5920,0.09,-0.12,-2.36,-2.13,-0.32,-0.16,0.14,-0.78,-0.17,-0.3,0.7,0.4,0.2,0.5,0.3,-0.4,5.2,5.1,5.2,0.006249,-0.28825,-0.23763,-0.07509,-0.00988,-0.00464,-0.25,-1.16,0.81
DS,-2.7,37,-0.565,-0.09,-0.31,0.00055,0.0424,-1.46,-0.32,-1.63,-0.36,8327,0.10,-0.20,-2.31,-2.34,-0.13,0.00,0.01,0.32,0.29,-0.9,0.7,0.3,0.2,0.7,0.2,-0.5,5.2,4.7,5.4,-0.001609,-0.50285,-0.17464,0.00009,0.01674,-0.00305,0.11,-1.09,0.54
CS,-4.6,28,-0.164,-0.20,-0.02,0.01582,-0.0132,-2.86,-0.03,-2.86,0.14,3012,-0.13,0.08,-3.56,-3.41,0.02,0.15,0.09,0.47,-0.41,-0.4,0.6,0.4,-0.4,-0.1,-0.1,-0.5,5.1,5.3,5.5,0.001837,0.11283,-0.06203,-0.00836,-0.01602,0.00104,-1.36,-2.23,-0.47
QS,-3.6,44,0.298,0.40,-0.14,-0.0284,0.1169,-1.37,-0.15,-1.49,-0.06,3957,0.22,-0.04,-2.34,-3.06,0.10,-0.10,0.25,0.18,0.27,0.0,0.6,0.2,0.1,0.7,0.3,-0.2,5.4,5.3,5.3,-0.009002,-0.06140,-0.19343,-0.05424,0.02246,-0.00264,0.24,-1.10,0.75
ES,-3.2,41,-0.207,0.30,-0.26,-0.1229,0.0823,-1.48,-0.27,-1.48,-0.26,6343,0.18,-0.14,-2.22,-2.57,-0.25,-0.10,0.10,0.15,1.14,-0.2,0.6,0.4,0.3,0.9,0.5,-0.2,5.1,5.2,4.9,0.002888,-0.35312,-0.21143,0.00702,0.04724,-0.00227,0.50,-0.85,0.87
GS,-3.8,145,-0.100,-0.04,-0.16,-0.0505,0.1075,-1.70,-0.17,-1.82,-0.20,12019,-0.01,-0.10,-2.61,-1.68,0.08,-0.19,0.10,-0.05,-0.09,0.0,0.8,0.9,0.8,0.1,0.1,0.0,4.5,4.4,5.1,-0.003528,-0.27119,-0.20971,0.00867,-0.02573,-0.00315,-1.11,-2.03,0.61
HS,-4.3,43,0.080,-0.59,-0.05,0.00167,-0.0005,-1.94,-0.06,-2.11,-0.12,3073,0.04,-0.05,-2.76,-3.12,-0.38,0.08,0.15,1.17,-0.28,-0.6,0.0,0.1,-0.2,-0.6,-0.6,-0.9,5.3,5.4,5.5,0.009858,-0.11302,-0.19378,-0.06447,0.00237,-0.00329,-0.08,-1.53,0.46
IS,-5.5,65,0.254,-0.13,0.21,0.0070,0.0332,-3.43,0.21,-3.52,0.33,6443,0.03,0.20,-3.58,-3.47,0.33,-0.14,0.35,0.49,-0.14,0.4,0.3,0.4,0.3,0.4,0.4,0.0,5.3,5.4,5.8,0.001538,0.3130,0.35197,0.04214,0.00588,0.00742,-1.35,-1.6,0.09
LS,-4.4,93,0.390,-0.07,0.25,0.0255,0.0959,-3.16,0.24,-3.92,0.32,10084,-0.02,0.19,-3.47,-4.12,0.26,-0.19,0.26,0.80,1.13,0.4,0.4,0.4,0.4,0.3,0.4,0.0,5.2,5.6,5.5,0.001004,0.27135,0.34207,0.01289,-0.00136,0.00567,-1.24,-1.8,0.01
KS,-3.0,51,-0.246,0.18,-0.13,-0.0366,0.1690,-0.83,-0.13,-1.05,-0.10,5117,0.36,-0.05,-2.01,-1.91,-0.50,-0.24,0.10,-0.04,0.13,0.5,0.9,0.7,0.5,1.3,0.7,-0.1,4.9,5.5,5.4,0.005015,0.02715,-0.13103,-0.03768,0.05413,-0.00151,0.37,-0.83,1.24
MS,-4.1,14,0.259,-0.47,0.14,0.0551,0.0185,-3.55,0.14,-3.03,0.32,2205,0.05,0.19,-3.35,-3.33,0.25,-0.01,0.32,-0.20,-0.59,0.0,0.4,0.3,-0.1,0.6,0.4,0.0,5.5,5.2,5.5,0.002007,0.19696,0.10816,-0.02411,-0.02691,0.00105,-0.57,-1.72,0.56
FS,-4.7,36,0.357,0.14,0.29,-0.00013,0.0398,-3.56,0.28,-4.02,0.17,5567,-0.12,0.10,-3.46,-4.01,-0.14,0.05,0.10,-0.79,-0.01,0.0,0.1,0.1,0.0,-0.7,-0.6,-0.8,5.4,5.6,5.5,-0.001223,0.28005,0.09814,-0.01294,-0.00236,0.00283,-1.13,-1.77,0.17
PS,-3.4,38,0.057,0.44,0.01,0.112,0.1626,-1.35,0.01,-1.57,-0.05,4843,0.20,-0.02,-2.57,-1.56,-0.15,-0.13,0.17,0.60,0.48,0.4,0.6,0.6,0.4,0.5,0.5,0.3,5.4,5.2,5.1,-0.003125,-0.10791,-0.11199,-0.02111,0.00469,-0.00189,0.32,-0.48,0.94
SS,-2.5,34,-0.150,-0.13,-0.20,-0.06670,0.0941,-1.48,-0.20,-1.67,-0.26,5458,0.05,-0.17,-2.47,-2.14,-0.14,-0.63,0.13,0.03,1.31,-0.6,0.6,0.5,0.2,0.3,0.1,-0.5,4.9,5.0,5.0,-0.000802,-0.20955,-0.18928,0.01170,-0.01442,-0.00249,-0.36,-1.03,0.87
AT,-3.3,70,0.002,-0.22,-0.09,-0.03831,0.0310,-2.15,-0.09,-2.32,-0.01,11323,0.04,0.01,-2.97,-2.38,0.14,-0.43,0.00,-0.45,0.33,-0.3,0.5,0.6,0.5,0.2,0.2,-0.1,5.2,5.1,4.9,-0.000218,-0.04679,0.00526,0.04740,0.00640,0.00116,-0.78,-1.87,0.30
RT,-4.0,36,0.250,-0.17,-0.35,-0.0930,-0.0210,-1.97,-0.35,-1.90,-0.05,4720,0.11,-0.02,-2.55,-2.43,0.38,0.00,0.00,-0.19,-0.44,0.1,0.0,0.0,0.0,-0.1,-0.3,-0.9,5.9,6.0,6.0,0.003967,-0.05313,-0.05800,-0.04650,0.03515,-0.00080,0.09,-0.89,0.80
NT,-3.5,46,-0.018,-0.27,-0.11,0.00302,0.0155,-1.51,-0.11,-1.88,-0.22,5790,0.04,-0.11,-2.43,-2.05,-0.30,-0.23,0.00,0.13,1.23,-0.3,0.3,0.2,0.1,0.5,0.4,-0.4,5.3,5.5,5.2,-0.005914,-0.28531,-0.15047,-0.02649,0.00571,-0.00245,-0.23,-0.90,0.54
DT,-3.1,38,-0.433,-0.03,-0.29,-0.04220,0.1043,-1.66,-0.29,-1.80,-0.22,7362,0.11,-0.13,-2.43,-2.41,-0.26,-0.24,0.00,0.49,-0.35,-0.6,0.5,0.1,0.1,0.9,0.3,-0.4,5.5,5.3,5.2,0.002193,-0.36579,-0.04369,0.00758,-0.01276,-0.00170,0.08,-1.00,0.51
CT,-4.8,22,0.021,-0.38,0.19,0.14216,-0.0013,-2.88,0.18,-3.11,0.20,2475,-0.15,0.12,-3.73,-2.92,0.46,-0.17,0.00,-1.38,0.00,0.0,0.5,0.1,-0.5,-0.1,0.0,-0.4,5.6,5.5,6.0,0.002620,0.27539,-0.02885,-0.04399,-0.01331,-0.00005,-1.60,-2.39,-0.37
QT,-3.7,28,0.060,-0.17,-0.14,0.0725,-0.0243,-1.59,-0.14,-1.90,-0.16,4412,0.12,-0.08,-2.46,-3.44,-0.32,-0.17,0.00,-0.20,-0.28,-0.2,0.4,0.1,0.0,0.6,0.4,-0.4,5.6,5.3,6.3,0.001006,-0.23014,-0.16004,-0.01817,0.01648,-0.00192,-0.03,-1.03,0.81
ET,-3.3,28,-0.006,0.15,0.00,0.0788,0.0675,-1.45,-0.01,-1.74,-0.21,6172,0.16,-0.10,-2.33,-2.34,-0.07,-0.23,0.00,0.81,-0.11,-0.2,0.4,0.2,0.1,1.0,0.5,-0.4,5.4,5.2,5.3,0.000948,-0.29144,-0.12650,-0.02133,-0.00250,-0.00215,0.31,-1.17,0.81
GT,-4.1,116,-0.106,0.13,-0.26,-0.0574,0.1763,-2.03,-0.27,-2.08,-0.15,11312,-0.04,-0.07,-2.78,-1.81,-0.11,-0.21,0.00,0.10,0.73,0.0,0.5,0.6,0.6,0.2,0.2,0.0,5.9,5.5,5.0,0.001084,-0.24551,-0.08635,-0.00796,-0.01628,-0.00215,-1.23,-1.84,0.38
HT,-4.5,36,0.061,-0.27,-0.19,-0.00499,0.0681,-2.31,-0.20,-2.42,-0.12,3071,-0.03,-0.06,-2.97,-2.73,-0.05,0.06,0.00,0.80,-0.27,-0.6,0.1,0.0,-0.2,-0.6,-0.5,-0.9,5.5,5.6,5.9,-0.005871,-0.25624,-0.08904,-0.03512,0.01188,-0.00212,-0.40,-1.29,0.31
IT,-5.9,67,0.167,-0.29,0.14,0.0158,-0.0700,-3.74,0.13,-4.03,0.13,7958,-0.15,0.08,-3.87,-3.61,0.14,-0.05,0.00,-0.29,-0.18,0.0,-0.3,-0.2,-0.2,0.3,0.4,-0.3,5.6,5.8,6.1,-0.004179,0.2867,0.11428,0.00418,-0.02153,0.00232,-1.52,-2.0,-0.28
LT,-4.8,110,0.075,-0.39,0.20,0.0169,-0.0316,-3.43,0.20,-4.34,0.21,11387,-0.15,0.12,-3.61,-4.28,0.04,-0.05,0.00,0.30,-0.18,0.3,0.0,0.0,0.0,0.3,0.4,-0.3,5.6,5.8,5.9,0.003770,0.31011,0.15723,0.01068,0.00533,0.00380,-1.48,-1.8,-0.05
KT,-3.3,50,-0.170,0.09,-0.09,0.0082,0.0467,-1.02,-0.09,-1.31,-0.05,4940,0.33,-0.02,-2.13,-1.64,-0.29,-0.22,0.00,0.38,-0.16,0.6,0.8,0.5,0.4,1.2,0.8,-0.2,5.3,5.7,5.6,-0.005895,-0.13219,-0.12997,-0.01572,0.02293,-0.00127,0.09,-1.12,1.10
MT,-4.6,16,0.087,0.06,0.19,0.0894,0.0018,-3.73,0.19,-3.51,0.15,2595,-0.11,0.09,-3.62,-3.33,0.19,0.10,0.00,-0.40,-0.62,0.2,0.0,-0.1,-0.3,0.5,0.3,-0.2,5.5,5.9,5.7,-0.002190,0.30090,0.10441,-0.00949,0.00568,0.00236,-1.12,-1.40,0.46
FT,-5.1,39,0.058,-0.19,0.31,0.01352,-0.1120,-3.76,0.31,-4.28,0.22,5281,-0.15,0.13,-3.70,-3.85,-0.02,0.03,0.00,0.32,-0.29,0.0,-0.2,-0.2,-0.3,-0.8,-0.6,-0.8,5.7,6.1,5.9,0.004102,0.37472,0.14806,0.03108,0.01079,0.00460,-1.08,-1.52,0.08
PT,-3.6,32,0.108,0.36,-0.07,0.062,0.1908,-1.66,-0.07,-1.90,-0.07,4806,0.13,-0.03,-2.68,-1.24,0.11,-0.13,0.00,0.47,0.34,0.3,0.2,0.5,0.3,0.6,0.5,0.2,5.4,5.5,5.3,0.005402,0.02844,-0.13377,0.02446,0.01434,-0.00050,0.00,-0.72,0.67
ST,-3.3,69,-0.430,0.05,-0.08,0.00262,0.0228,-1.59,-0.08,-1.96,-0.24,9465,0.04,-0.12,-2.74,-2.22,-0.27,-0.05,0.00,0.32,0.03,-0.5,0.4,0.2,0.2,0.5,0.2,-0.5,4.8,5.2,5.2,-0.002393,-0.32381,-0.07783,-0.01390,0.00670,-0.00188,-0.40,-1.31,0.54
TT,-3.1,29,-0.315,0.26,0.03,0.06636,0.0150,-1.72,0.02,-2.12,-0.09,4387,0.03,-0.07,-2.81,-2.12,-0.22,-0.58,0.00,-0.38,-0.41,-0.3,0.1,0.2,0.0,0.6,0.3,-0.5,5.4,5.4,5.5,0.003269,-0.19546,-0.08219,-0.01606,-0.00561,-0.00185,-0.37,-1.29,0.69
AW,-5.2,38,0.117,-0.08,-0.09,0.00950,-0.0880,-3.93,-0.09,-3.82,0.01,3453,-0.27,0.02,-3.81,-4.66,-0.38,0.08,-0.40,-0.04,0.24,-0.7,-0.6,-0.5,-0.6,0.1,0.3,0.2,5.8,5.9,5.8,-0.009737,0.20001,-0.11261,0.08732,0.01054,0.00193,-1.40,-2.20,-0.28
RW,-5.8,15,-0.244,-0.78,-0.16,-0.0219,-0.2070,-3.56,-0.16,-3.41,-0.04,1588,-0.21,-0.02,-3.42,-4.54,0.04,0.37,-0.41,0.23,-0.14,-0.9,-0.6,-0.6,-0.9,-0.5,-0.6,-0.7,6.0,5.9,6.3,-0.014845,-0.33116,0.04019,0.07735,-0.03369,0.00135,-0.65,-1.39,-0.04
NW,-5.3,21,0.538,-0.68,0.06,-0.01788,-0.0250,-3.11,0.07,-3.07,0.11,1381,-0.10,0.07,-3.23,-3.31,0.20,0.04,-0.09,1.45,-0.04,-0.1,0.0,-0.2,-0.6,-0.4,-0.5,-0.8,5.7,6.5,6.2,-0.003028,0.28602,0.03693,0.00987,-0.01820,0.00263,-0.48,-1.13,0.13
DW,-5.1,24,1.287,0.24,0.24,-0.00609,-0.0124,-2.91,0.24,-2.84,0.26,1444,0.07,0.15,-3.12,-3.81,0.11,0.02,0.06,-0.05,-1.41,-0.2,0.0,0.0,-0.4,-0.2,-0.5,-0.5,6.6,6.0,6.3,-0.007832,0.50378,-0.00891,0.02263,-0.03207,0.00341,-0.04,-1.00,0.43
CW,-6.9,17,0.080,-0.30,0.08,0.04886,-0.1176,-4.76,0.08,-4.95,-0.12,1168,-0.66,-0.07,-4.60,-4.70,0.44,0.00,-0.74,-2.09,-0.32,-0.5,-0.7,-0.7,-1.5,-1.2,-1.1,-1.3,5.3,6.1,6.5,-0.035239,0.09401,-0.17325,-0.02572,-0.09886,-0.01294,-2.02,-3.03,-0.63
QW,-5.8,22,0.459,0.40,0.08,-0.0157,-0.0540,-3.16,0.07,-3.11,0.15,1057,-0.02,0.10,-3.25,-4.87,0.01,0.22,-0.11,-1.14,0.00,-0.2,-0.4,-0.5,-0.9,-0.4,-0.5,-0.9,5.5,6.2,6.7,0.012075,-0.04570,-0.03032,-0.06867,0.00147,0.00050,-0.88,-1.72,-0.01
EW,-5.2,15,-0.089,0.32,0.29,0.1134,-0.0967,-2.94,0.28,-2.99,0.06,1521,0.00,0.06,-3.04,-3.84,0.20,0.00,-0.15,-0.41,1.13,0.1,-0.1,-0.2,-0.5,-0.2,-0.3,-0.6,6.3,6.2,6.8,-0.009357,0.16071,-0.09799,-0.04921,-0.01159,0.00199,-0.43,-1.21,0.44
GW,-5.8,52,0.036,-0.14,0.18,0.1083,-0.1567,-3.37,0.17,-3.42,0.03,2946,-0.25,0.04,-3.47,-3.77,-0.31,0.10,-0.24,0.51,0.87,-0.5,0.0,0.2,-0.2,0.3,0.2,0.1,5.8,5.2,4.5,-0.012366,0.24344,-0.09435,0.10405,-0.06240,0.00064,-1.58,-2.58,-0.17
HW,-6.5,23,-0.098,-0.41,-0.12,-0.01956,-0.0200,-4.02,-0.13,-3.98,-0.16,1091,-0.37,-0.08,-3.94,-4.50,-0.05,0.00,-0.46,1.10,0.91,-1.2,-0.9,-0.7,-1.2,-0.9,-0.8,-1.1,5.5,6.0,6.6,-0.006739,-0.17229,-0.02796,-0.11836,-0.05614,-0.00617,-0.78,-1.50,-0.44
IW,-7.8,40,-0.505,-0.89,0.02,0.0093,-0.1961,-5.64,0.01,-5.78,-0.10,3101,-0.60,-0.05,-4.98,-5.79,-0.26,0.43,-0.65,-0.63,-1.90,-0.9,-1.3,-1.1,-1.2,-1.2,-1.0,-1.2,6.2,6.3,6.6,0.002734,-0.1598,0.13403,0.03430,0.09042,0.00233,-2.40,-2.9,-1.28
LW,-6.8,68,-0.635,-0.97,-0.09,-0.0410,-0.2639,-5.50,-0.09,-6.14,-0.07,4810,-0.62,-0.03,-4.87,-6.40,-0.31,0.25,-0.70,-0.44,-0.85,-0.8,-1.4,-1.1,-1.2,-1.1,-1.0,-1.1,6.3,6.3,6.6,0.010659,-0.16843,0.13555,-0.06007,0.05414,-0.00152,-2.27,-2.8,-0.98
KW,-5.0,20,-0.822,-0.30,0.22,0.0117,-0.1152,-2.49,0.22,-2.69,0.09,1367,0.09,0.06,-2.84,-3.12,1.00,0.06,-0.28,-0.38,0.33,0.1,-0.1,-0.1,-0.5,0.0,-0.2,-0.5,5.6,5.7,5.0,-0.001668,-0.24586,0.14321,0.14702,0.03346,0.00623,-0.55,-1.55,0.23
MW,-6.9,17,-0.783,-0.07,-0.67,-0.2448,-0.0775,-6.37,-0.67,-5.55,-0.37,1393,-0.73,-0.21,-4.87,-5.49,-0.20,0.00,-0.94,-0.33,-0.30,-1.3,-1.5,-1.2,-1.6,-1.1,-1.0,-1.1,6.1,6.5,6.6,0.984886,-0.09998,0.00104,-0.06644,-0.01871,-0.00484,-2.20,-2.31,-0.50
FW,-7.4,41,-0.185,-0.89,-0.16,0.00303,-0.3405,-6.02,-0.17,-6.16,-0.14,2498,-0.68,-0.08,-5.07,-5.72,-0.13,0.34,-0.78,-0.80,0.58,-1.3,-1.5,-1.3,-1.4,-1.2,-1.2,-1.4,6.2,6.5,6.3,0.006057,-0.13588,-0.05715,-0.11108,-0.02970,-0.00939,-2.40,-2.81,-1.02
PW,-5.6,19,-0.312,-0.44,-0.28,-0.174,-0.0910,-3.66,-0.29,-3.73,-0.38,2253,-0.37,-0.21,-3.60,-3.96,-0.85,0.35,-0.73,-2.24,-2.51,-0.7,-0.8,-0.7,-0.9,-0.8,-0.8,-0.9,5.4,5.8,5.9,0.013914,-0.55908,-0.13591,0.01048,-0.01974,-0.00255,-0.75,-2.05,-0.33
SW,-5.0,31,0.298,-0.20,0.34,0.07002,-0.0802,-2.95,0.34,-2.99,0.25,1889,-0.01,0.15,-3.30,-2.86,0.86,0.05,0.07,-0.08,-0.77,-0.1,-0.1,-0.2,-0.5,-0.5,-0.7,-0.8,5.8,5.7,5.6,-0.002330,0.36554,-0.03151,0.01889,-0.03103,0.00112,-0.72,-1.50,0.14
TW,-5.1,20,0.040,0.07,0.22,0.06563,0.0052,-3.31,0.21,-3.22,0.33,1708,-0.02,0.20,-3.44,-3.48,0.18,0.03,0.00,-0.61,0.32,0.0,-0.2,-0.3,-0.6,-0.8,-0.6,-0.8,6.1,6.5,6.5,0.003848,0.33614,0.03798,0.01650,0.08390,0.00473,-1.22,-1.00,-0.19
WW,-6.8,7,0.707,0.02,-0.12,-0.0382,-0.1066,-5.42,-0.12,-5.06,0.01,519,-0.64,-0.10,-4.74,-5.16,0.27,0.00,-0.74,-0.97,-1.35,-0.8,-1.2,-1.1,-1.7,-1.4,-1.1,-1.6,6.4,7.5,7.0,0.131813,0.05462,-0.05100,-0.07522,-0.11149,-0.00844,-1.21,-1.6,-0.46
AY,-4.7,65,-0.030,-0.37,0.09,0.01587,-0.1408,-2.85,0.08,-3.36,0.07,7942,-0.20,0.05,-3.41,-3.96,0.00,0.15,-0.15,-0.08,-0.50,-0.5,-0.4,-0.2,-0.3,0.0,0.2,-0.1,5.5,5.6,5.7,-0.000724,0.12835,-0.05314,0.03904,0.01209,0.00110,-1.10,-2.57,-0.07
RY,-5.6,45,0.044,0.21,-0.25,-0.0652,-0.1369,-2.75,-0.26,-3.16,-0.19,4433,-0.25,-0.10,-3.01,-4.32,-0.07,0.42,-0.37,-1.64,0.54,-0.4,-0.7,-0.7,-0.7,-0.3,-0.5,-1.0,6.0,6.3,6.5,0.004237,-0.14488,0.01551,0.02232,-0.04663,0.00062,-0.49,-1.57,0.22
NY,-5.0,50,-0.491,-0.74,-0.20,-0.07248,-0.1149,-2.47,-0.20,-2.76,0.02,3792,-0.11,0.02,-2.82,-3.14,0.04,0.26,0.01,0.43,0.22,-0.5,-0.2,-0.2,-0.3,-0.3,-0.6,-0.8,5.7,5.9,6.1,-0.006968,0.12638,0.05800,-0.01661,-0.02262,0.00175,-0.28,-1.47,0.40
DY,-4.7,52,0.694,0.11,0.00,0.00165,-0.1165,-2.25,-0.01,-2.76,-0.06,5105,-0.07,-0.03,-2.84,-3.63,-0.04,0.25,-0.07,0.04,-0.27,-0.3,-0.2,-0.1,-0.2,-0.2,-0.5,-0.7,5.7,6.2,6.2,0.000182,0.46473,-0.12981,-0.05851,-0.00868,0.00156,-0.22,-1.50,0.38
CY,-6.6,43,0.069,-0.96,0.04,0.02167,-0.2444,-3.89,0.04,-4.16,0.27,2045,-0.39,0.16,-4.08,-4.71,0.10,0.25,-0.16,-0.65,-0.23,-0.1,-0.1,-0.3,-1.0,-1.2,-1.0,-1.1,6.1,6.1,5.9,0.002585,0.16464,0.00201,-0.01389,0.03435,-0.00260,-2.05,-2.92,-0.58
QY,-5.2,32,-0.036,-0.39,-0.20,-0.0290,-0.1431,-2.53,-0.21,-2.97,-0.11,3350,-0.14,-0.06,-2.90,-4.75,-0.21,0.26,-0.18,-0.64,-0.79,-0.5,-0.3,-0.3,-0.4,-0.3,-0.4,-0.8,5.6,6.7,5.5,-0.005137,-0.03777,-0.02419,-0.04713,-0.03331,0.00011,-0.33,-1.31,0.09
EY,-4.9,40,-0.004,0.22,-0.10,-0.0183,-0.0522,-2.42,-0.11,-2.79,-0.14,4601,-0.08,-0.06,-2.71,-3.62,0.08,0.08,-0.16,-0.16,-0.84,0.0,-0.2,-0.2,-0.2,-0.1,-0.4,-0.7,5.8,6.1,6.5,0.003261,0.18883,-0.03815,-0.08186,0.00113,0.00221,-0.12,-1.27,0.47
GY,-5.4,103,0.121,-0.32,0.14,0.0607,-0.0176,-2.50,0.13,-3.01,0.04,7235,-0.22,0.03,-3.12,-3.34,-0.21,0.07,-0.04,-0.56,-0.62,-0.4,0.1,0.3,0.2,0.4,0.2,0.0,4.3,4.8,6.2,-0.000737,0.10640,-0.00928,0.04000,-0.01505,0.00113,-1.05,-2.69,0.28
HY,-6.1,44,-0.305,-0.67,-0.34,-0.07678,-0.1976,-3.33,-0.35,-3.52,-0.10,2441,-0.30,-0.05,-3.42,-3.78,0.34,0.47,-0.21,-1.02,-1.34,-0.8,-0.8,-0.7,-0.9,-0.6,-0.7,-1.2,5.7,6.2,5.7,0.007276,0.02691,0.00739,-0.03306,-0.01576,-0.00113,-0.59,-1.74,-0.18
IY,-7.4,81,-0.100,-0.87,0.11,-0.0112,-0.3164,-4.63,0.11,-5.25,0.03,6770,-0.49,0.02,-4.51,-5.39,-0.12,0.34,-0.33,-1.34,-1.42,-0.5,-1.0,-0.8,-0.9,-1.1,-0.8,-1.2,6.0,6.2,6.2,-0.004792,-0.1696,0.08237,0.02135,0.07198,0.00035,-2.01,-2.9,-0.74
LY,-6.2,105,-0.289,-0.60,0.24,0.0540,-0.2614,-4.26,0.24,-5.67,0.00,10806,-0.55,0.00,-4.32,-5.67,0.08,0.27,-0.44,0.25,-0.53,-0.1,-0.9,-0.9,-0.9,-1.1,-0.9,-1.1,5.8,6.1,6.0,0.003540,-0.20609,0.03594,0.00677,0.03288,-0.00204,-1.93,-2.7,-0.56
KY,-4.9,64,-0.294,-0.20,-0.21,-0.1090,-0.1120,-2.01,-0.21,-2.60,-0.22,4678,-0.05,-0.12,-2.58,-2.64,0.14,0.26,-0.40,-0.20,-1.06,-0.2,-0.2,-0.2,-0.3,0.0,-0.3,-0.8,5.6,5.7,5.8,0.007956,-0.16896,-0.03110,0.06447,0.00194,0.00355,-0.41,-1.42,0.62
MY,-6.1,19,-0.218,-1.10,-0.13,0.0085,-0.1621,-4.92,-0.13,-4.91,-0.13,2765,-0.56,-0.08,-4.30,-5.01,-0.05,0.47,-0.51,-0.19,0.02,-0.6,-1.1,-0.8,-1.0,-0.9,-1.0,-1.1,6.3,6.1,6.0,-0.003258,-0.22924,-0.01117,-0.00096,-0.01283,-0.00387,-1.69,-2.26,-0.26
FY,-6.6,45,-0.335,-0.82,0.00,0.01074,-0.4212,-4.95,-0.01,-5.66,-0.04,5549,-0.58,-0.02,-4.43,-5.33,-0.07,0.43,-0.49,-0.79,-1.43,-0.5,-1.0,-0.9,-1.0,-1.2,-1.0,-1.3,5.9,6.4,6.1,-0.003256,-0.01526,-0.03704,-0.02173,0.00165,-0.00403,-2.05,-2.73,-0.63
PY,-5.2,42,0.071,-0.45,-0.33,-0.091,-0.1326,-2.80,-0.34,-3.19,-0.24,4653,-0.25,-0.13,-3.23,-2.92,-0.13,0.24,-0.40,-0.68,-0.17,-0.9,-0.5,-0.5,-0.6,-0.8,-0.8,-0.8,5.8,5.6,6.0,0.000996,-0.41613,-0.10661,-0.05590,-0.04774,-0.00376,-0.41,-1.69,0.04
SY,-4.7,71,0.442,0.25,0.09,0.06797,0.0214,-2.30,0.08,-2.78,0.06,5537,-0.08,0.04,-2.97,-3.43,-0.03,0.12,0.07,-0.83,-0.86,-0.1,0.1,0.1,0.0,-0.6,-0.6,-0.8,5.8,5.9,6.1,-0.001895,0.31614,-0.02162,0.00139,-0.03088,0.00071,-0.62,-1.61,0.23
TY,-4.9,53,0.492,-0.23,0.13,0.05679,-0.1445,-2.48,0.13,-3.01,0.14,5102,-0.09,0.09,-3.16,-3.33,0.00,0.15,0.00,0.67,-0.19,-0.2,-0.2,-0.2,-0.2,-0.6,-0.5,-0.8,5.9,6.1,6.5,-0.001235,0.36576,0.06792,0.00633,-0.02709,0.00155,-0.74,-1.46,0.27
WY,-6.8,32,-0.105,-0.99,-0.04,0.0610,-0.3209,-4.44,-0.05,-4.66,0.01,1975,-0.49,0.01,-4.20,-5.12,-0.02,0.59,-0.55,-0.85,-1.96,-0.5,-1.2,-1.1,-1.3,-1.1,-1.0,-1.3,6.5,6.9,6.1,0.003708,-0.03280,-0.00889,-0.09071,-0.01196,-0.00508,-1.82,-2.0,-0.87
YY,-6.0,33,0.211,0.35,0.06,-0.0484,-0.2793,-3.55,-0.07,-4.17,0.10,2491,-0.45,0.01,-3.69,-4.58,0.20,0.09,-0.27,-2.22,-1.35,-0.8,-0.8,-0.7,-0.9,-0.9,-0.8,-1.1,6.3,6.5,6.2,-0.007699,-0.01669,0.00158,-0.03925,-0.05834,-0.00498,-1.13,-1.6,-0.18
AV,-4.3,101,-0.359,-0.60,-0.10,-0.08515,-0.1431,-3.62,-0.11,-4.04,-0.13,21733,-0.32,-0.07,-3.93,-3.86,-0.11,-0.01,-0.38,-0.54,-0.36,-0.6,-0.4,-0.1,0.0,-0.5,-0.2,-0.4,4.9,5.4,5.2,0.003642,-0.27134,-0.02354,-0.07279,-0.02005,-0.00590,-1.84,-3.07,-0.18
RV,-4.9,44,-0.011,-0.48,0.30,0.0230,0.0475,-2.78,0.29,-3.07,0.38,4867,0.08,0.23,-3.00,-3.70,0.35,-0.04,0.17,0.41,0.53,0.3,0.0,0.1,0.0,-0.3,-0.3,-0.6,5.6,6.0,6.0,-0.005168,0.33279,0.33249,0.17288,0.03622,0.01208,-0.47,-1.26,0.43
NV,-4.3,50,0.158,-0.24,0.50,0.01472,0.1180,-2.36,0.49,-2.83,0.43,4792,0.12,0.25,-3.02,-2.76,0.22,-0.12,0.39,0.71,0.54,0.2,0.5,0.5,0.3,0.7,0.7,0.1,5.4,5.6,5.4,-0.001040,0.47451,0.40194,0.10802,0.04989,0.01170,-0.71,-1.33,0.54
DV,-4.0,53,0.442,0.25,0.58,0.06840,0.2728,-2.25,0.57,-2.48,0.70,4606,0.36,0.40,-2.82,-3.28,0.11,-0.29,0.66,0.31,0.20,0.7,1.0,0.8,0.6,1.0,0.8,0.4,5.5,5.6,5.6,0.000092,0.44658,0.49624,0.14779,0.03410,0.01302,-0.37,-1.08,0.59
CV,-6.0,53,-0.026,-0.94,0.06,-0.06069,-0.2349,-4.46,0.05,-4.96,-0.05,4768,-0.59,-0.04,-4.53,-4.82,-0.22,-0.09,-0.51,-0.46,-0.58,-0.8,-0.6,-0.5,-0.7,-0.3,-0.3,-0.9,5.4,5.7,5.8,0.000296,0.09778,-0.01849,0.00772,-0.01558,-0.00933,-2.72,-3.33,-1.22
QV,-4.7,46,-0.191,-0.09,0.24,0.0097,0.1061,-2.67,0.23,-3.07,0.27,4541,0.08,0.16,-3.05,-4.29,0.05,0.08,0.17,0.37,-0.06,0.2,0.2,0.3,0.1,0.4,0.6,0.0,5.6,5.4,6.0,0.000029,0.08581,0.28120,0.11813,0.01771,0.00952,-0.32,-1.33,0.23
EV,-4.2,39,0.255,-0.02,0.34,0.0595,0.1010,-2.56,0.33,-2.67,0.46,5241,0.26,0.28,-2.84,-3.20,0.30,-0.13,0.41,0.34,0.47,0.4,0.5,0.5,0.4,0.8,0.9,0.2,5.3,5.4,5.5,0.001387,0.22764,0.41691,0.11895,0.04775,0.01250,-0.23,-1.07,0.74
GV,-5.1,183,0.141,-0.20,0.16,0.0406,0.1859,-3.06,0.15,-3.38,0.15,13584,-0.15,0.10,-3.42,-2.77,0.17,-0.13,0.04,-0.12,-0.43,0.2,0.5,0.8,0.7,0.1,0.3,0.1,5.2,4.6,4.9,0.001995,0.23105,0.14201,0.02340,0.00420,0.00366,-1.98,-2.78,0.04
HV,-5.3,42,0.006,-0.35,0.19,-0.00100,-0.0039,-3.38,0.18,-3.58,0.32,3215,-0.06,0.19,-3.44,-4.14,-0.23,-0.10,0.18,0.67,0.51,-0.2,0.0,-0.1,-0.3,-0.7,-0.4,-0.9,5.4,5.6,5.8,-0.006893,0.15787,0.34177,0.07075,0.01640,0.00668,-0.88,-1.70,0.09
IV,-7.3,216,-0.253,-0.98,-0.25,-0.1095,-0.4223,-5.58,-0.26,-6.05,-0.29,19830,-0.67,-0.16,-5.01,-5.31,-0.33,0.20,-0.68,-0.98,-1.46,-0.7,-1.2,-1.0,-1.0,-0.5,-0.2,-0.9,5.6,6.0,6.1,0.002618,-0.1963,-0.27482,-0.13605,-0.04232,-0.02164,-2.66,-3.5,-0.90
LV,-6.2,306,-0.454,-1.03,-0.29,-0.1274,-0.4593,-5.38,-0.30,-6.48,-0.33,32623,-0.74,-0.19,-4.85,-6.03,-0.48,0.21,-0.80,-1.03,-0.77,-0.6,-1.2,-0.9,-0.9,-0.4,-0.4,-1.0,5.6,6.0,6.1,-0.001940,-0.10641,-0.27941,-0.06701,-0.00721,-0.01432,-2.57,-3.5,-0.93
KV,-4.2,67,0.253,-0.08,0.44,0.0331,0.0609,-1.95,0.43,-2.49,0.37,5437,0.29,0.22,-2.69,-2.19,0.40,-0.20,0.16,0.17,0.75,0.9,0.7,0.5,0.4,0.7,1.0,0.1,5.7,5.9,6.3,-0.006987,0.23784,0.33110,0.12223,0.01947,0.01161,-0.37,-1.21,0.81
MV,-6.0,52,-0.265,-0.94,-0.14,-0.0634,-0.2127,-5.52,-0.15,-5.32,-0.06,5343,-0.51,-0.03,-4.59,-5.16,-0.40,0.38,-0.47,-0.93,-1.22,-0.5,-0.8,-0.8,-0.8,-0.2,-0.2,-0.8,5.5,5.9,5.9,-0.005331,0.00637,-0.07385,-0.01508,0.03434,-0.00330,-2.05,-2.96,-0.31
FV,-6.5,114,-0.288,-0.78,-0.22,-0.03358,-0.4001,-5.75,-0.23,-6.29,-0.19,12746,-0.67,-0.11,-4.89,-5.33,-0.27,0.23,-0.67,-0.43,-0.89,-0.8,-1.1,-0.9,-0.9,-1.3,-1.0,-1.4,5.6,6.0,6.1,0.000008,-0.08226,-0.12269,-0.04855,-0.00626,-0.01012,-2.39,-3.21,-0.77
PV,-4.7,58,0.358,-0.08,0.09,0.027,0.0868,-2.96,0.08,-3.32,0.11,6518,-0.05,0.07,-3.39,-2.43,0.16,-0.10,-0.08,0.32,0.75,0.1,-0.1,0.2,0.2,0.3,0.3,0.2,5.8,5.7,5.5,0.001362,0.39761,0.15123,0.11169,0.06160,0.00972,-0.97,-1.53,0.17
SV,-4.2,106,0.316,-0.31,0.18,0.03116,0.1766,-2.79,0.17,-3.05,0.27,9059,0.04,0.16,-3.35,-2.95,0.25,-0.19,0.25,0.52,0.14,0.3,0.4,0.4,0.4,0.3,0.4,-0.2,5.1,5.4,5.4,-0.000443,0.15369,0.25468,0.03754,-0.00012,0.00522,-1.19,-1.83,0.20
TV,-4.4,79,0.251,0.06,0.25,-0.00024,0.0119,-2.95,0.24,-3.46,0.17,9906,-0.07,0.11,-3.58,-2.87,0.27,-0.13,0.00,0.24,0.29,0.2,-0.2,-0.1,-0.1,0.3,0.3,-0.3,5.6,5.7,5.8,0.004075,0.14755,0.08308,0.01024,-0.01448,0.00176,-1.38,-1.82,-0.10
WV,-6.5,62,-0.034,-0.60,-0.07,0.0260,-0.2898,-5.05,-0.08,-5.18,-0.03,3723,-0.51,-0.01,-4.63,-4.70,0.20,0.40,-0.62,-0.41,-0.18,-0.8,-1.1,-0.9,-1.0,-1.1,-0.9,-1.1,6.3,6.3,6.4,-0.001516,0.12174,0.07499,0.01594,0.03785,0.00082,-1.82,-2.4,-0.57
YV,-5.9,85,0.075,-0.70,0.02,-0.0303,-0.2792,-4.05,0.01,-4.62,0.13,7777,-0.38,0.08,-4.04,-4.54,0.03,0.27,-0.27,-0.50,-0.30,-0.3,-0.8,-0.7,-0.7,-1.0,-0.7,-1.1,5.9,6.0,6.1,-0.002175,0.02059,0.04100,0.03319,0.03352,0.00012,-1.76,-2.4,-0.38
VV,-5.5,152,-0.641,-1.15,-0.29,-0.07182,-0.5193,-4.94,-0.30,-5.52,-0.29,14091,-0.65,-0.19,-4.64,-4.86,-0.49,0.00,-0.72,-0.53,-1.32,-0.9,-1.2,-0.8,-0.7,-0.6,-0.2,-1.0,5.5,5.8,5.8,0.001445,-0.29733,-0.25929,-0.10756,-0.06684,-0.02080,-2.35,-3.1,-0.31
